NORMA,LINK PARA FORMULÁRIO,ANO
Resolução nº 557/2024,https://docs.google.com/forms/d/1Ipw-1k2mszX8sd7HO-jQqi7ZOb_TRlPOegjH0ssLlo4/edit,2024
Resolução nº 383/2024,https://docs.google.com/forms/d/1_YLeI9Pkizwl9X_Lq_rBjLUQHWugdazT0KZx3T-Pu1A/edit,2024
Resolução nº 492/2023,https://docs.google.com/forms/d/1NcwbyISr4IAozvePd5U87cAUL8Ch9ArvebdMI1r8JNU/edit,2023
Resolução nº 508/2023,https://docs.google.com/forms/d/1NuvrumCcAny3XypvltOSTgPtqzLxNvPi6SGmmtP6tQs/edit,2023
Resolução nº 520/2023,https://docs.google.com/forms/d/1A4Pl-Xn_zXxMm7oyApM86cfWubUA1e4cOR-EhdQ8ElE/edit,2023
Resolução nº 364/2023,https://docs.google.com/forms/d/1h5lOhrrgA8ObR__Dbst2pSxBCtLqPUcKzgJBm0HfQ-0/edit,2023
Resolução nº 366/2023,https://docs.google.com/forms/d/1VmJlokBbo6iIBGxGMXFLCmZ6IIVymhRGKSFMGPBz6bg/edit,2023
Resolução nº 526/2023,https://docs.google.com/forms/d/1zV2AP-OD7fy0sXzmJmuYgAwMGhuvdAtQiHbkYEBiYs4/edit,2023
Resolução nº 528/2023,https://docs.google.com/forms/d/1CbUsKMQ1hoaniHNf4MiKQfyQS_ojvZSY24NVfsqiRDg/edit,2023
Resolução nº 367/2023,https://docs.google.com/forms/d/1C-ljd0B_TQnXVq33EQjK6QBsB7NWkLMDKSM_n2dDTXU/edit,2023
Resolução nº 368/2023,https://docs.google.com/forms/d/1-mMgBZSRUz1gtIeOMisZBT32idInygyXgs0pAik5liQ/edit,2023
Resolução nº 372/2023,https://docs.google.com/forms/d/19znTHyLxfqUimzO6HaAF2i4isfMmtb0r3lwzITaN9yw/edit,2023
Resolução nº 373/2023,https://docs.google.com/forms/d/1KjvfVvxh0HEa0jzywu6S2F8plkxjj3lQLI-hyqYYEK4/edit?ts=6654b2a6,2023
Resolução nº 541/2023,https://docs.google.com/forms/d/1e0uHe-yddAnpPaBk6cpIRNvXxAJu9LvR7gf_WOVpCIE/edit,2023
Resolução nº 321/2022,https://docs.google.com/forms/d/1IwzC3ltdSIXsornBHl31W8X9ADMW2OGkocULDeYPDn4/edit,2022
Resolução nº 324/2022,https://docs.google.com/forms/d/1yPtBJkk96M89euJqC45JiYR5afS7_6f0KAZKCvcaT-Y/edit,2022
Resolução nº 331/2022,https://docs.google.com/forms/d/1Q_ytZ1uUNGih5xDt66mch4W4HscEQwvCaCRYhxUO0eI/edit,2022
Resolução nº 465/2022,https://docs.google.com/forms/d/1zIoemnb4Q9fz0rBntAGFWipn__7yFnZL0iiVmqVzH1E/edit,2022
Resolução nº 335/2022,https://docs.google.com/forms/d/18l4tmnpNlMq0uMW2gsLQz59ZVHKT2gZq_QdEh_ReicU/edit,2022
Resolução nº 467/2022,https://docs.google.com/forms/d/18f4bxPNt69SLWZkUr4u7P3iBbrq45ZYIt7XtNU3tIsY/edit,2022
Resolução nº 469/2022,https://docs.google.com/forms/d/1geFAwbeWer2TslTxCqPa8AXkCECk5pohKYHA66ejqRA/edit,2022
Resolução nº 285/2021,https://docs.google.com/forms/d/1ozR9XZEivzOvZPUPvu87EoJUHmYLeEo1tISO1Mu7gEs/edit,2021
Resolução nº 376/2021,https://docs.google.com/forms/d/1LQfSe3IoFABavI8hm3OL-zp12KUIytziB9N3h5FSCm8/edit,2021
Resolução nº 379/2021,https://docs.google.com/forms/d/1N8D98W2EafpZbzHbSdwiZhVzFUgaXej3uShKW7k0ONk/edit,2021
Resolução nº 380/2021,https://docs.google.com/forms/d/1-_gct3F7ZLD_z1s8L0AipoWxVZsod8aNuHGLultG0Sw/edit,2021
Resolução nº 383/2021,https://docs.google.com/forms/d/1mvf7JkmYMsCyMBV2xvTbRaoUN4z2FRRNaN7EHGR6gWk/edit,2021
Resolução nº 385/2021,https://docs.google.com/forms/d/1HXwFfds4kI9CmLon4hPeXDX4EXLK7RSYntPOvLR_brs/edit,2021
Resolução nº 290/2021,https://docs.google.com/forms/d/1VbdrqJEjEjdeJvvQLVOoM7MWRVTb24Wc4NDYY0vUAmg/edit,2021
Resolução nº 395/2021,https://docs.google.com/forms/d/1-8u4f36VUOUvsmxTIzLGjLb1CAK_Oa5A9tXlK0PDBZw/edit,2021
Resolução nº 401/2021,https://docs.google.com/forms/d/1aiam7FdlMh2Gab98L3zWEgaDhtbSgQ5qlDoYmu_ux3E/edit?usp=forms_home&ths=true,2021
Resolução nº 408/2021,https://docs.google.com/forms/d/1pbo0DFcjRHHJNAx_lhIxRsEvcEuLilisJxmPSJaNi3o/edit,2021
Resolução nº 309/2021,https://docs.google.com/forms/d/1oPApUG7RgZ4FohiqX-_d4GiepSllLcuek0PMaLced5s/edit,2021
Resolução nº 420/2021,https://docs.google.com/forms/d/1deL4orYJXzBIsMSH8Hx8K-spGWgibVDpDXJFxFzx_9M/edit,2021
Resolução nº 425/2021,https://docs.google.com/forms/d/1zC8hvmW0MD3T8iKV8OUCnX3IanxFm_Yb023n-v17NVw/edit,2021
Resolução nº 314/2021,https://docs.google.com/forms/d/1qYuIRaMJXRI3lXyynfBoi8qYNN8yzTzz3LJm8PbIizk/edit,2021
Resolução nº 433/2021,https://docs.google.com/forms/d/1zjrRAMT0cOrTF2iG7P4muGoW6bJLxtKsP8akoVlKd7M/edit,2021
Resolução nº 435/2021,https://docs.google.com/forms/d/1c4GDMz_AWkkyuDIf-fiaxZpD5wgvIrk-_Z02lhCDye4/edit,2021
Resolução nº 315/2021,https://docs.google.com/forms/d/1yDm4eNONeAT_HUWi8S1S6de4RbqC197V9F2Uc3vcoI4/edit,2021
Resolução nº 319/2021,https://docs.google.com/forms/d/17Koz0T7KpUp1W-8TxmFsL-pQSC71v41RgmpyK2IDszE/edit,2021
Resolução nº 259/2020,https://docs.google.com/forms/d/1B-8P0sGeQeUlFsBAWxsU5Rpa-hE3dLkq1qY_-DnANQk/edit,2020
Resolução nº 315/2020,https://docs.google.com/forms/d/1YYHAxQ0pJMUTVByJd16iFRq_srPKS2wqyN5BSFv7toY/edit,2020
Resolução nº 325/2020,https://docs.google.com/forms/d/1qlrTUQ2IqLpYbANymcuVS_cmZoLJAF2jDLnc_tLXVww/edit,2020
Resolução nº 324/2020,https://docs.google.com/forms/d/14V5fhAzKQXDK78CmksRM1gWppdW1gMFUmchUM4_ZYWI/edit,2020
Resolução nº 333/2020,https://docs.google.com/forms/d/1Xbaws91yiCrxbHECX1ArlsBwP10WM8ZvRTueU9m76FY/edit,2020
Resolução nº 344/2020,https://docs.google.com/forms/d/1CRaTYdwhiViFLGhzMRl9A0n0aXMYr6Ok1QzYncNRbLc/edit,2020
Resolução nº 345/2020,https://docs.google.com/forms/d/1eyTFhuipnW7tvHA57ODRlMgmif_Bm5mLJ-eGVqzXVfM/edit,2020
Resolução nº 347/2020,https://docs.google.com/forms/d/1Nej-C5QTYpiNe5lOCjggf8vlrXOpZtHG7xCVZZqvBTs/edit,2020
Resolução nº 350/2020,https://docs.google.com/forms/d/1AbCTSRyb-_7HM1RRSZmAq3agHE_4NoVcJDCHCKDEpAc/edit,2020
Resolução nº 231/2019,https://docs.google.com/forms/d/1MoL80DiE5slPwInT4P-FSVKKEyG4QFxXuho6CJmKah0/edit,2019
Resolução nº 235/2019,https://docs.google.com/forms/d/13Crn3TBCDvh8z-Ur-2F_4vEmnuCwMIrF72RQ7MsVB8U/edit,2019
Resolução nº 244/2019,https://docs.google.com/forms/d/1z0moNHAqE8EIqJycbHKL50-UcQ_IAX8PkD7Wk9lKTpY/edit,2019
Resolução nº 293/2019,https://docs.google.com/forms/d/1JTeiExfmOVPakacOBolwCDn6DEOWzDcloay3ZSi2tSI/edit,2019
Resolução nº 248/2019,https://docs.google.com/forms/d/18B6TeKt8S-sKrTy0S8JrV_ckwXtVEt5SgAz4TDWZGnk/edit,2019
Resolução nº 253/2019,https://docs.google.com/forms/d/1GwrvYEtUf56bb7b7V1nf1Cy5VxLsoNucZIYBm_FqmpI/edit,2019
Resolução nº 303/2019,https://docs.google.com/forms/d/1vpai8EBaO6J80BmNZi25MLIR5ln11r23yso7k6TjlZQ/edit,2019
Resolução nº 218/2018,https://docs.google.com/forms/d/1zrZEjSbbmLvy2I8vDoeqkozf56UTVyyavRSwpWJsydE/edit,2018
Resolução nº 222/2018,https://docs.google.com/forms/d/13CN9yWk5509QJN36-2XcS9x1zNRW-LsGh_tCDF4paX8/edit,2018
Resolução nº 255/2018,https://docs.google.com/forms/d/1KX3p1J_AIvrzmEGjAgaB2LJJibPy1-b3MWzMPqML_so/edit,2018
Resolução nº 270/2018,https://docs.google.com/forms/d/1eo7OoeuoXFvn1AFaoKjh5yy2BjS12_hJtLk3LD3EJWk/edit,2018
Resolução nº 221/2016,https://docs.google.com/forms/d/1OddE4EN0YnwKLBtT61thGGGYRv5JKYD0SFqZxuzMKZY/edit,2016
Resolução nº 233/2016,https://docs.google.com/forms/d/1-Dsz4_A9Tc7LNEYdDgek2QFIxcOUKxO6FoIAZdqWu1E/edit,2016
Resolução nº 200/2015,https://docs.google.com/forms/d/10jEjfxf0er8LITtqMC-MnQuDhcKGfHXi0m2QjpvUTfA/edit,2015
Resolução nº 203/2015,https://docs.google.com/forms/d/1jaKIz30TRHzrnsTJyKWH88H8Kx60LPaKpW1xKbnTGlE/edit,2015
Resolução nº 155/2015,https://docs.google.com/forms/d/1jZgwUjj3TES67df5bIdPGkHjr62iPerRlxzo-L1oeDM/edit,2015
Resolução nº 209/2015,https://docs.google.com/forms/d/1mwCaTcdginEh0Tc3iYJBxETNWfvb75kWZVT-JkVtRlc/edit,2015
Resolução nº 138/2014,https://docs.google.com/forms/d/1KvKcoZnYlSqKwbU08G7YC58U63zFSfDFY2Pdzzsocgs/edit,2014
Resolução nº 139/2014,https://docs.google.com/forms/d/1m4uFg6vXV8IlFaNcy0YP0DIytjabW_It9lSX1KgGzcw/edit,2014
Resolução nº 140/2014,https://docs.google.com/forms/d/17LUpJSnuAHKXTIRR0aut3s95BxXJAeGnmDHUbHqYY6E/edit,2014
Resolução nº 143/2014,https://docs.google.com/forms/d/1-748gNCOq7cwQ51VHyDQGTfIHQfryB_k5ZjERqabh7U/edit,2014
Resolução nº 122/2013,https://docs.google.com/forms/d/1EKFCx8zzXcOass0IqiPyJqv4ymIvs6Kpwgv7pI4jS90/edit,2013
Resolução nº 170/2013,https://docs.google.com/forms/d/1pNWKQOEQEeKYugCe-R5AQojkFB84Q0w7qF6r5uRSb9s/edit,2013
Resolução nº 131/2013,https://docs.google.com/forms/d/1XRwne1i6BBXST7iLzBr0rF649goTmrBJr93dCFCLuMY/edit,2013
Resolução nº 147/2012,https://docs.google.com/forms/d/1eEL7anGh8gaNHhzDZbqYNHAzw4EHTw9l39f0xLGMfJQ/edit,2012
Resolução nº 97/2012,https://docs.google.com/forms/d/1gdZI9i6yYkDo5OKQ2_LeZsxHxmtmdRpkP6WfUHvT84w/edit,2012
Resolução nº 98/2012,https://docs.google.com/forms/d/10T39jsjqAnjzOKspc4EoaTZV-kdnc9R3qfc6Y2xeWbk/edit,2012
Resolução nº 107/2012,https://docs.google.com/forms/d/1fHlcWBwW3ZzOsFVLNbdUFw6_qHukflrIdO8yCh1uk1U/edit,2012
Resolução nº 117/2012,https://docs.google.com/forms/d/1kbLRrDce9cPAsSdK-RFkLmwRrZLpAtc0erV1vWlZ7jE/edit,2012
Resolução nº 166/2012,https://docs.google.com/forms/d/1HZuv9qCwwyJxfgF95YAOtm5Zg6FO6v1U5LeB6OIPrXw/edit,2012
Resolução nº 127/2011,https://docs.google.com/forms/d/1QyHgbngVkO0mY_No4UHgp2yHKM6iVjBOJd0GyJje5iU/edit,2011
Resolução n° 133/2011,https://docs.google.com/forms/d/1N1GfYiFC3YUeCww1x-mysbykPCj3eQTdeN_ljZ4VTEc/edit,2011
Resolução nº 134/2011,https://docs.google.com/forms/d/1B-Q3uu34Ft1-8dUrx_nOTbzGqdEbF398viO0_Vjs37o/edit,2011
Resolução nº 135/2011,https://docs.google.com/forms/d/1jURJ1LAqDSwokmVjMz-xAqLs3zQadViG3t7VUL7C41Y/edit,2011
Resolução nº 139/2011,https://docs.google.com/forms/d/1sxFLHQ8agdcCaOlZLmQtSFB81XebgUSmU96qzOMP2Z4/edit,2011
Resolução nº 88/2011,https://docs.google.com/forms/d/1Riz87pSJ0d3QRxpwEQmpk2lrXVsJQIRAle5lu9afHcI/edit,2011
Resolução nº 105/2010,https://docs.google.com/forms/d/1M8wnsYFlsCE3mI43a85UccfONwdRx5r-d4tcHpQ6368/edit,2010
Resolução nº 106/2010,https://docs.google.com/forms/d/1ReYwtU8Age3qaJiWn5JXqRicrV1UNSiZayDKnQ2cM8M/edit,2010
Resolução nº 67/2010,https://docs.google.com/forms/d/1zjO0OwNPiY_RuUawetRFZwUeblcoz9mvZQfAczW73LQ/edit,2010
Resolução nº 65/2010,https://docs.google.com/forms/d/1ai_RtGbebYHXgXabDwcdb6ElUpJsYlb2Icb9Fgs9efk/edit,2010
Resolução nº 121/2010,https://docs.google.com/forms/d/1A1yQrmE9Uww-22CJd5tsT6gMIeEpVVVmO7bbrdOUhRE/edit,2010
Resolução nº 62/2009,https://docs.google.com/forms/d/1xvusX6P-_H3Ohm7mMrqeQdSL8dI2E1jbdQT_10EpRTk/edit,2009
Resolução nº 71/2009,https://docs.google.com/forms/d/1L0nP_dZg6ENNTxcjF1o8IoWpiAoYjWkYxg4kk3ChjrI/edit,2009
Resolução nº 72/2009,https://docs.google.com/forms/d/14TSHyVQOI44p57TGnRqfA8Z8XpvxMdYg9al3WsvqLqA/edit,2009
Resolução nº 73/2009,https://docs.google.com/forms/d/1X4KrJByE4dDzf_0RlD8GdR2U1zDvARb3dsVFRsXckvA/edit,2009
Resolução nº 76/2009,https://docs.google.com/forms/d/12QvJ2_AKiJnACz2FcOnqnOibftlgE3X4SArK2eQrNO0/edit,2009
Resolução nº 83/2009,https://docs.google.com/forms/d/1NktDXFEaoc2dx2lo2ghxRXDjDiVI1MnJCwY8kg0hks8/edit,2009
Resolução nº 95/2009,https://docs.google.com/forms/d/1KyEQ2jQmnWE8Xvcgw3BV4cThpBnS1xk5obQKmAsDdLw/edit,2009
Resolução nº 102/2009,https://docs.google.com/forms/d/1X787t_wmPCiqgpcNuh1VwRBFDtlIA7as1FK2oDFu3bw/edit,2009
Resolução nº 51/2008,https://docs.google.com/forms/d/1v_aPHj_kbsKO6KMoAKIdSL6G0nzcHd-w54bt7Q97QOk/edit,2008
Resolução nº 64/2008,https://docs.google.com/forms/d/1Jhg7OMRStX0LqDWk-IUgSe5jc6C2fZlowHpfo8L73Mw/edit,2008
Resolução nº 32/2007,https://docs.google.com/forms/d/1qURzVgTlcwlxCy9wnHSbqeMdiS46NJolokb0t3nt4tU/edit,2007
Resolução nº 33/2007,https://docs.google.com/forms/d/1qURzVgTlcwlxCy9wnHSbqeMdiS46NJolokb0t3nt4tU/edit,2007
Resolução nº 32/2007,https://docs.google.com/forms/d/1LbVuLScL6JUy3e8EOeOskYDCJQvRLDC8ebJTswf0xyM/edit,2007
Resolução nº 34/2007,https://docs.google.com/forms/d/1k8XX-KaKGFI2gBYBuZRld-LEH_WwF7aDdiOXPb-vuRA/edit,2007
Resolução nº 37/2007,https://docs.google.com/forms/d/1P9T5kUY2qqO5I2ovAZt7F1JQvBsKcpVQSOdcfHSxUMQ/edit,2007
Resolução nº 38/2007,https://docs.google.com/forms/d/1iY1ADvy9EcFAb_WJhJ9zLOntt1qbulac3TB8UcsuJ7A/edit,2007
Resolução nº 46/2007,https://docs.google.com/forms/d/1nivVh5nDMe7DIdlkaVdQ7yavhosdXJa1_kUFJjNCres/edit?ts=676d3ed0,2007
Resolução nº 07/2005,https://docs.google.com/forms/d/1mQdcT4t-winv7m78FXDnV3OA1vPqUCCMO3H3vmYw_eE/edit,2005
Resolução nº 07/2005,https://docs.google.com/forms/d/1aEOJMni2MghDAtH6d1xaFru5QPlPpm6xon9rSpWJuVI/edit,2005
